first_name,last_name,email,username,password
Netty,MacFadyen,nmacfadyen0@vk.com,Female,1
Laurie,Bergeau,lbergeau1@friendfeed.com,Male,2
Shauna,Widdecombe,swiddecombe2@mashable.com,Female,3
Gregorio,Hartford,ghartford3@ovh.net,Male,4
Minor,Lamboll,mlamboll4@fotki.com,Male,5
Pammie,Stockley,pstockley5@csmonitor.com,Female,6
Forster,Greenard,fgreenard6@nhs.uk,Male,7
Misty,Weatherley,mweatherley7@smh.com.au,Female,8
Rubina,Lownie,rlownie8@ihg.com,Female,9
Rowney,Guinery,rguinery9@nydailynews.com,Male,10
Les,Rod,lesrod@me.com lesross 1245,,
